{
  "baseline": {
    "rmse": 0.3393511411435179,
    "mae": 0.25421836541949805,
    "r2": 0.7390845563864339
  },
  "lstm": {
    "rmse": 0.13910448864896793,
    "mae": 0.09979202953283907,
    "r2": 0.5414903337853127
  },
  "improvement_percentage": 59.008686937010154,
  "time_steps": 24,
  "features": [
    "hour",
    "day_of_week",
    "month",
    "is_weekend",
    "power_lag_1",
    "power_lag_24",
    "power_lag_168",
    "rolling_mean_24",
    "rolling_std_24",
    "Sub_metering_1",
    "Sub_metering_2",
    "Sub_metering_3"
  ]
}