{
    "best_model": "Linear Regression",
    "baseline_metrics": {
        "Dataset": "Test",
        "MAE": 0.0029681222297537,
        "RMSE": 0.0103145626921697,
        "R\u00b2 Score": 0.999778537505388,
        "MAPE (%)": 0.6445632139972133
    },
    "lstm_metrics": {
        "Dataset": "Test",
        "MAE": 0.3135506074332337,
        "RMSE": 0.4525657277357145,
        "R\u00b2 Score": 0.5745506462064931,
        "MAPE (%)": 41.85961467800059
    },
    "lstm_wins": 0,
    "lr_wins": 4
}